,MSE,R2,MAE,MSE_exp,R2_exp,MAE_exp,model_architecture,feature_column,scaler
0,0.19371439845260066,0.8963360417310354,0.2592578080250848,9750.596618878211,0.48016116322622526,11.159175906653886,bert,smiles,y_standard
